|normal|cleaned_tweets|no_clean|cleaned_score
0|Climate change is happening now. Denial is dangerous. http:// ofa.bo/2efZv0y|[]|5.409999999999999|
1|Denying climate change is dangerous. Join @OFA supporters in standing up for bold action now: http:// ofa.bo/2e3fRg6 #ActOnClimate|['supporters', 'up']|5.660000000000001|6.17
2|Climate change is real, but so is the progress we're making to #ActOnClimate . Let's keep it up. pic.twitter.com/GOFKXQblGJ|['progress', 'making']|5.423333333333333|6.75
3|"Wildfires in the next few decades could be ""unrecognizable"" to previous generations because of climate change : http:// ofa.bo/2dWNyOS"|[]|5.233333333333333|
4|Denying climate change is dangerous. Join @OFA supporters in standing up for bold action now: http:// ofa.bo/2dZNTRx #ActOnClimate|['supporters', 'up']|5.660000000000001|6.17
5|Support the bold steps we're taking against climate change . Say you're ready to #ActOnClimate : http:// ofa.bo/2dcUwww|['against', 'ready']|5.314545454545454|4.99
6|Climate change 's effects are devastating. Denying the science behind it does nothing to help. http:// ofa.bo/2d7ppaq #ActOnClimate|['science', 'nothing']|5.14|5.38
7|We can't sit idly by. Climate change is likely to threaten our national security we must act now. http:// ofa.bo/2crGwUg #ActOnClimate pic.twitter.com/CCFZdEYc8T|"[u""can't"", u'likely', u'our', u'act']"|5.382|5.484999999999999
8|Communities are already experiencing the effects of climate change  we can't afford not to act. Take a look: http:// ofa.bo/2d1OQbb pic.twitter.com/3BFbRDUXBv|"[u""can't"", u'afford', u'not']"|5.073333333333335|4.4799999999999995
9|Meaningful action on climate change can't wait. President Obama explains why in this @nytimes interview. http:// ofa.bo/2cH9trK|"[""can't""]"|5.28|3.42
10|We need to keep up efforts to fight climate change at every level locally, nationally, globally. #ActOnClimate pic.twitter.com/L10qdkgPDg|[u'up', u'fight']|5.1818181818181825|4.42
11|We must take bold steps now  climate change is already impacting millions of people. http:// ofa.bo/2czxiBK #ActOnClimate|[u'millions']|5.505999999999999|7.26
12|The Paris Climate Agreement is a big deal in the fight against climate change  and now, a big step closer to reality. http:// ofa.bo/2c20UYS|[u'big', u'deal', u'fight', u'against', u'big']|5.232|4.9719999999999995
13|Conservation not only protects diverse lands and species, it's also an important part of battling climate change . http:// ofa.bo/2c1ui1v|['not', 'important']|5.264615384615384|5.09
14|When Americans stand together, there's no challenge too great to solve not even climate change . #ActOnClimate today: http:// ofa.bo/2bIxOeU|[u'no', u'great']|5.5120000000000005|5.68
15|Rhode Island just built America's first offshore wind farm, which will create clean energy and fight climate change . http:// ofa.bo/2biiBG4|['built', 'first', 'will', 'create', 'clean', 'energy', 'fight']|5.8307692307692305|6.102857142857142
16|America's leadership in the fight against climate change pays off in more ways than one. #ActOnClimate pic.twitter.com/tGK9Uu5l0C|['leadership', 'fight', 'against', 'pays', 'more']|5.136923076923077|5.0760000000000005
17|Our children's health and prosperity is too important to ignore the consequences of climate change . Speak out now: http:// ofa.bo/2bsKGtH|"[""children's"", 'health', 'prosperity', 'important', 'ignore']"|5.4479999999999995|6.24
18|Climate change is not too big of a challenge to solve. We're making good headway. #ActOnClimate pic.twitter.com/s2yzyDqvNR|['not', 'big', 'making', 'good']|5.492727272727273|5.88
19|"""There's no doubt that America has become a global leader in the fight against climate change .""  President Obama http:// ofa.bo/2bdVxaK"|[u'no', u'doubt', u'global', u'leader', u'fight', u'against']|4.8585714285714285|4.1866666666666665
20|In the weekly address, President Obama discusses progress made in combating climate change  and what's left to do. http:// ofa.bo/2bdVxaK|[u'progress']|5.478|7.26
21|Show your support for bold action to fight climate change . http:// ofa.bo/2b1kV3k #ActOnClimate|['support', 'fight']|5.326666666666666|4.57
22|Americans across the country agree that we need bold action in the fight against climate change . #ActOnClimate pic.twitter.com/znuajZ6CmE|['country', 'agree', 'we', 'fight', 'against']|5.2426666666666675|5.092
23|These extreme records aren't a fluke  climate change is largely caused by human activity. http:// ofa.bo/2azFXCj #ActOnClimate|[u'records', u'human']|5.343636363636363|6.14
24|Our children's health and prosperity is too important to ignore the consequences of climate change . Speak out now: http:// ofa.bo/2afsLYI|"[""children's"", 'health', 'prosperity', 'important', 'ignore']"|5.4479999999999995|6.24
25|97 percent of climate scientists agree  climate change is real and man-made. Stand up for bold action: http:// ofa.bo/2a8V4rM #ActOnClimate|[u'scientists', u'real', u'up']|5.665|6.420000000000001
26|Add your name if you agree: Climate change is real and it's going to take global action to tackle it. http:// ofa.bo/uav #ActOnClimate|['you', 'real', 'global']|5.45875|6.34
27|Say you support decisive action to tackle climate change . http:// ofa.bo/vb1 #ActOnClimate|['you', 'support']|5.705714285714286|6.34
28|Take a look at President Obama's interview with @NatGeo on national parks, climate change and more. http:// ofa.bo/vam|[]|5.458|
29|Former Energy Secretary @GovRichardson : Why the #TPP will make a difference in fighting climate change . http:// ofa.bo/d62l|['will', 'make', 'fighting']|5.182222222222222|4.926666666666667
30|Show your support for continued efforts to tackle climate change : http:// ofa.bo/b60k #ActOnClimate|['support']|5.482222222222221|6.44
31|Add your name if you support big steps forward in the fight to tackle climate change : http:// ofa.bo/z0TF #ActOnClimate|['you', 'support', 'big', 'forward', 'fight']|5.389333333333335|5.54
32|Good climate change policy and good economic policy can go hand in hand. #ActOnClimate pic.twitter.com/MEDMB870SP|['good']|5.5618181818181816|7.2
33|Don't let climate change deniers jeopardize the progress we've made toward a safer, healthier future. Call them out: http:// ofa.bo/d5ue|['progress', 'toward']|5.683999999999999|6.6899999999999995
34|Fighting climate change will save Americans money at the gas pump. #ActOnClimate pic.twitter.com/ePl93jLYTU|['will', 'save', 'money']|5.732499999999999|6.62
35|Add your name if you support global efforts to tackle climate change : http:// ofa.bo/fA8b|['you', 'support', 'global']|5.596363636363637|6.226666666666667
36|Don't let climate change deniers derail progress show your support for bold action on climate change : http:// ofa.bo/uQC #ActOnClimate|[u'support']|5.6872727272727275|6.44
37|The fight to tackle climate change took a big step on Friday with hundreds of countries signing the #ParisAgreement . pic.twitter.com/gk7BWRRBqA|['fight', 'big', 'signing']|5.275|4.986666666666667
38|We're already seeing the effects of climate change . Denial is unacceptable. #ActOnClimate pic.twitter.com/k3sphu7KgC|['seeing']|5.452500000000001|6.38
39|Show your support for bold moves to combat climate change  add your name: http:// ofa.bo/yRP #ActOnClimate|[u'support', u'combat']|5.3740000000000006|4.82
40|Carbon pollution is the biggest contributor to climate change  and President Obama is taking it head on. pic.twitter.com/lZlIAyD9UV|[u'pollution', u'biggest']|5.176666666666667|4.08
41|We can tackle climate change  but it's going to take all of us working together. #ActOnClimate pic.twitter.com/LEvJFzebLA|[u'all', u'us']|5.446666666666666|6.24
42|Bold action on climate change matters. #ActOnClimate pic.twitter.com/fzKtmRyFCQ|[]|5.725|
43|Say you'll stand up for bold action to fight climate change : http:// ofa.bo/jA3W #ActOnClimate|['up', 'fight']|5.306|4.42
44|We can't let climate change deniers derail progress say you stand for bold action: http:// ofa.bo/jA3P #ActOnClimate|"[u""can't"", u'you']"|5.359999999999999|4.83
45|Add your name to support bold action to combat climate change : http:// ofa.bo/jA3H #ActOnClimate|['support', 'combat']|5.394000000000001|4.82
46|Climate change is real and it's devastating communities across the country. We have #ActOnClimate now. pic.twitter.com/RD8EC74QXZ|[]|5.3342857142857145|
47|Climate change means wildfires are now a continual threat in some parts of the country: http:// ofa.bo/wQo #ActOnClimate|['threat']|5.049090909090908|2.36
48|Get weekly updates on everything from the #SCOTUS nomination process to climate change : http:// ofa.bo/c5pE pic.twitter.com/Ms5hVDn8se|['updates', 'nomination']|5.554545454545456|6.16
49|Get the facts on everything from a fair #SCOTUS nomination process to climate change : http:// ofa.bo/c5dy pic.twitter.com/qnB5GLM8eC|['facts', 'fair', 'nomination']|5.66|6.3999999999999995
50|The impact of climate change in one GIF: http:// ofa.bo/g9lf #ActOnClimate|[]|5.336666666666667|
51|Read President Obama's thoughts on climate change , technology, and #WomenInSTEM : http:// ofa.bo/x8D pic.twitter.com/IrcnE2T88M|['thoughts']|5.671999999999999|6.22
52|Scientists agree climate change is man-made and we can do something about it. http:// ofa.bo/j9fm #ActOnClimate|[u'agree', u'we']|5.684444444444444|6.54
53|Take a look at President Obama's latest common-sense step to help fight climate change : http:// ofa.bo/h9qt #ActOnClimate|['latest', 'help', 'fight']|5.218000000000001|4.946666666666666
54|97 percent of climate scientists agree: Climate change is real and man-made. #ActOnClimate pic.twitter.com/UaCZus7uv6|['scientists', 'real']|5.645|6.5600000000000005
55|Fighting climate change : Creating jobs: The solar industry is booming. pic.twitter.com/8GYjQkeaTU|['solar']|5.691999999999999|6.54
56|"""If anybody still wants to dispute the science around climate change , have at it. You ll be pretty lonely.""  President Obama #SOTU"|[u'dispute', u'science', u'pretty']|5.467142857142856|5.906666666666666
57|Global action on climate change is happening show your support today: http:// ofa.bo/j9c5 #ActOnClimate #SOTU|[u'support']|5.731428571428571|6.44
58|We have the responsibility to lead on climate change . #ActOnClimate #SOTU pic.twitter.com/VnoqXVDdFw|['lead']|5.5875|6.28
59|This is huge: Almost every country in the world just signed on to the #ParisAgreement on climate change  thanks to American leadership.|[u'country', u'world']|5.533333333333334|6.4
60|WATCH: President Obama tells a room full of organizers to continue the fight on climate change . http:// ofa.bo/a5NX #ActOnClimate|['full', 'fight']|5.215|4.46
61|With American leadership, more than 180 nations have committed to tackling climate change . #UnitedOnClimate pic.twitter.com/iq1SyJhVsX|['more', 'nations', 'committed']|5.6899999999999995|6.206666666666667
62|The world is #UnitedOnClimate  it's time for climate change deniers in Congress to get on board. pic.twitter.com/fayuoBVCmP|[u'world']|5.598000000000001|6.52
63|Climate change deniers are trying to undermine America's commitment to #ActOnClimate . Read more: http:// ofa.bo/b5OG|['commitment']|5.463333333333334|6.32
64|Be a part of this historic moment in the fight against climate change  join the #UnitedOnClimate conversation: http:// ofa.bo/d5JD #COP21|[u'fight', u'against']|4.9799999999999995|3.05
65|Stand up for global action on climate change  add your name: http:// ofa.bo/e5Gc #ActOnClimate pic.twitter.com/OOG1VviHCw|[u'up', u'global']|5.7325|6.07
66|The global talks on climate change have begun. Join the conversation: http:// ofa.bo/e5Gb #UnitedOnClimate|['global']|5.6485714285714295|6.0
67|Watch President Obama discuss how to build a framework for progress on the global effort to tackle climate change . http://www. snappytv.com/tc/1074329|['build', 'progress', 'global']|5.5737499999999995|6.493333333333333
68|The Clean Power Plan is one of the biggest step America's ever taken to tackle climate change . pic.twitter.com/UOvVIhJ7pp|['biggest']|5.233333333333333|6.0
69|Say you're ready for strong global efforts to #ActOnClimate  don't let climate change deniers prevent progress: http:// ofa.bo/e5G8|[u'ready', u'strong', u'global']|5.694545454545454|6.546666666666667
70|Don't let climate change deniers stand in the way of global progress on climate action: http:// ofa.bo/t9R9 #ActOnClimate|['global', 'progress']|5.634999999999999|6.63
71|Progress on tackling climate change is happening and we can't go back. #ActOnClimate pic.twitter.com/w2MLu1V6Xc|"[u'we', u""can't""]"|5.348571428571428|4.9
72|Don't let climate change deniers derail progress in the global effort to #ActOnClimate : http:// ofa.bo/e5FW pic.twitter.com/AG1XQ3AyFR|['progress', 'global']|5.702222222222223|6.63
73|Get the facts on important issues like climate change  join the OFA Truth Team: http:// ofa.bo/g9TB|[u'facts', u'important', u'issues', u'like']|5.597777777777777|5.874999999999999
74|Man-made climate change is having a big effect on global temperatures. Read more: http:// ofa.bo/t9Qj #ActOnClimate|['big', 'global']|5.611111111111111|6.109999999999999
75|Retweet if you support American leadership on climate change . #ActOnClimate pic.twitter.com/nzUDGeuE7v|['you', 'support', 'leadership']|5.822857142857143|6.3933333333333335
76|The President just rejected #KeystoneXL . Add your name to support strong action on climate change : http:// ofa.bo/f9VS #ActOnClimate|['rejected', 'support', 'strong']|5.505454545454546|5.1933333333333325
77|"""If we want to prevent the worst effects of climate change before it's too late, the time to act is now.""  President Obama #ActOnClimate"|[u'we', u'worst', u'act']|5.176666666666667|4.826666666666667
78|Read @ShaunOMB 's op-ed on how science and data are helping the U.S. focus on the long-term costs of climate change : http:// ofa.bo/h9cB|['science', 'helping', 'focus', 'costs']|5.42111111111111|5.99
79|Big polluters and climate change deniers are standing in the way of progress fight back: http:// ofa.bo/c5Fn pic.twitter.com/UeLwhEwg4Q|[]|5.306666666666667|
80|Don't let climate change deniers have the final say on the Clean Power Plan show your support: http:// ofa.bo/a5K4 #ActOnClimate|[]|5.424|
81|Action on climate change can't wait which is why the Clean Power Plan is so important. http://www. snappytv.com/tc/724551|"[u""can't""]"|5.082222222222222|3.42
82|See where your representatives stand on the basic science of climate change : http:// ofa.bo/p9ZY #ActOnClimate|['science']|5.487272727272727|6.86
83|Climate change denial is at a record low just not in Congress. Read more: http:// ofa.bo/e5E8 #ActOnClimate|[u'denial', u'not']|4.9475|3.71
84|Climate change is an issue that cannot be left for future generations and @pontifex agrees: http:// ofa.bo/a5HB #ActOnClimate|[u'cannot', u'future']|5.061999999999999|5.04
85|Climate change is real and it's time to act. http:// ofa.bo/r9Pr (h/t @washingtonpost ) pic.twitter.com/U9HJCLVUGt|[]|5.268|
86|Investments in clean energy are boosting the economy while fighting climate change . #ActOnClimate pic.twitter.com/24j5r1rmAW|[u'clean', u'energy', u'fighting']|5.485|5.626666666666668
87|"""Few things can have as negative an impact on our economy as climate change .""  President Obama #ActOnClimate http:// snpy.tv/1JI9CTs"|[u'negative', u'our']|5.161538461538461|4.25
88|"  Climate change is no longer some far-off problem; it is happening here, it is happening now.""  President Obama http:// ofa.bo/i9Gb"|[u'no']|5.114545454545454|3.48
89|Get a behind-the-scenes look at President Obama's trip to Alaska the front lines in the fight against climate change . http://www. snappytv.com/tc/784964|[u'trip', u'fight', u'against']|5.110769230769231|4.366666666666666
90|"""As long as I m President, America will lead the world to meet the threat of climate change .""  President Obama http:// ofa.bo/h9Mk"|[u'will', u'lead', u'world', u'meet', u'threat']|5.28923076923077|5.512
91|"""No challenge poses a greater threat to our future than climate change .""  President Obama http:// ofa.bo/g9DR #ActOnClimate"|[u'greater', u'threat', u'our', u'future']|5.398|5.47
92|Investing in renewable energy helps fight climate change  and creates jobs. #ActOnClimate pic.twitter.com/AnCmecZuV1|[u'energy', u'helps', u'fight', u'creates']|5.628571428571429|5.635
93|This is a big deal in the fight to curb climate change . #ActOnClimate pic.twitter.com/kKd3iHCfbH|['big', 'deal', 'fight']|5.196363636363636|5.079999999999999
94|Don t let climate change deniers set us back. Add your name to support the Clean Power Plan: http:// ofa.bo/r9EX|[u'us', u'support']|5.632000000000001|6.35
95|New limits on methane pollution will help curb climate change and protect public health: http:// ofa.bo/q98z #ActOnClimate|['limits', 'pollution', 'will', 'help', 'protect']|5.187272727272727|5.012
96|Climate change deniers want to stop the Clean Power Plan. Don t let them add your name today: http:// ofa.bo/i9Dr #ActOnClimate|[u'stop']|5.23|3.9
97|Jon traveled 3,000 miles to change the conversation about climate change . Read more: http:// ofa.bo/f9Dv #ActOnClimate|['traveled', 'conversation']|5.555555555555555|6.33
98|Read about Jon's 3,000 mile journey to fight climate change : http:// ofa.bo/q97E #ActOnClimate|['journey', 'fight']|5.1971428571428575|4.92
99|Retweet if you believe it's time for action on climate change . #ActOnClimate pic.twitter.com/SUQYTCvC4n|['you', 'believe']|5.634|6.470000000000001
100|President Obama is heading to Alaska the front lines in the fight against climate change . http://www. snappytv.com/tc/745062|[u'fight', u'against']|4.96|3.05
101|From @Deese44 : Read why the Clean Power Plan is vital to the fight against climate change : http:// ofa.bo/q94p #ActOnClimate|['fight', 'against']|4.832|3.05
102|LIVE: President Obama is speaking about fighting climate change with the Clean Power Plan. http:// ofa.bo/b53C #ActOnClimate|['fighting']|5.129999999999999|2.76
103|You don't have to be a policy expert to make a difference on issues like climate change : http:// ofa.bo/t94d|"[""don't"", 'expert', 'make', 'issues', 'like']"|5.365|5.491999999999999
104|New report: Left unchecked, climate change presents catastrophic risks to human health. http:// ofa.bo/i8ZJ #ActOnClimate|['presents', 'risks', 'human']|5.596666666666667|5.746666666666667
105|The benefits of fighting climate change are clear the sooner we #ActOnClimate , the better off we'll be. http:// ofa.bo/s8Vs|[u'benefits', u'fighting', u'sooner', u'we', u'better']|5.468333333333333|5.916
106|Fighting climate change with solar power creates jobs. #PutSolarOnIt pic.twitter.com/0zWThuBfn7|['solar', 'power', 'creates']|6.053333333333332|6.413333333333333
107|States like Hawaii are leading the fight against climate change : http:// ofa.bo/i7zy #SwitchToClean|['like', 'leading', 'fight', 'against']|5.1825|4.989999999999999
108|Climate change is already affecting our communities. That's why the President is taking steps to #ActOnClimate now. pic.twitter.com/2VhVCQ2E7p|['our']|5.293636363636364|6.08
109|Add your name to join the team fighting back against climate change denial: http:// ofa.bo/f6Mr #ActOnClimate pic.twitter.com/Hbu3cZcUgR|['join', 'team', 'fighting', 'against']|5.134545454545454|4.66
110|"""This cannot be subject to the usual politics and the usual rhetoric.""  President Obama on climate change #ActOnClimate"|[u'cannot']|5.109230769230769|3.32
111|"""The only way the world is going to prevent the effects of climate change is to slow down the warming of the planet.""  President Obama"|[u'world', u'slow', u'down']|5.107619047619047|4.653333333333333
112|""" Climate change  and especially rising seas is a threat to our homeland security.""  President Obama #ActOnClimate"|[u'especially', u'rising', u'threat', u'our']|5.274285714285715|5.285
113|"""Denying it or refusing to deal with it endangers our national security.""  President Obama on climate change #ActOnClimate"|[u'deal', u'our']|5.547272727272727|6.2
114|"""The best scientists in the world know that climate change is happening.""  President Obama #ActOnClimate"|[u'best', u'scientists', u'world', u'know']|5.81|6.535
115|What will it take for climate change deniers to #ActOnClimate ? pic.twitter.com/uN7gkOcpyM|['will']|5.397142857142858|6.02
116|NASA leads the world in the exploration and study of planets. Let's not let climate change deniers change that: http:// ofa.bo/a4ts|['leads', 'world', 'study', 'not']|5.421538461538461|5.64
117|Too many elected officials are still in denial about climate change . Join the team holding them accountable: http:// ofa.bo/g562|['elected', 'denial', 'team']|5.311428571428571|5.306666666666667
118|Addressing climate change isn't just good for our planet and our economy it's good for our health: http:// ofa.bo/c4fr #ActOnClimate|[u'good', u'our', u'planet', u'our', u'good', u'our']|5.8769230769230765|6.526666666666667
119|The science is clear  climate change shouldn't be ignored. #ActOnClimate pic.twitter.com/4cDfjNrvYe|"[u'science', u""shouldn't""]"|5.486666666666667|5.35
120|Farmers can fight climate change . Read about the Obama administration's new plans to help: http:// ofa.bo/a4Vp #ActOnClimate|['fight', 'new', 'plans']|5.264|5.239999999999999
121|""" Climate change can no longer be denied. It can't be edited out. It can't be omitted from the conversation.""  President Obama #ActOnClimate"|"[u'no', u""can't"", u""can't"", u'omitted']"|4.84923076923077|3.56
122|"""The Pentagon says that climate change poses an increasing set of risks for global security.""  President Obama #ActOnClimate"|[u'increasing', u'risks', u'global']|5.303636363636364|5.3933333333333335
123|LIVE: President Obama is discussing the threat climate change poses to our economy and to the world. http:// ofa.bo/q4qh #ActOnClimate|['threat', 'our']|5.021666666666667|4.22
124|Tune in at 3:05 p.m. ET to watch the President speak in Everglades National Park about fighting climate change : http:// ofa.bo/d4Sn|['fighting']|5.158181818181818|2.76
125|""" Climate change can no longer be denied or ignored.""  President Obama http:// ofa.bo/d4PC #ActOnClimate"|[u'no']|5.104|3.48
126|This article debunks six big myths on climate change : http:// ofa.bo/s4nl (h/t @goodhousemag ) #ActOnClimate|['big']|5.666666666666667|6.22
127|Climate change deniers are running out of excuses. #ActOnClimate pic.twitter.com/guYIY2dyBQ|[]|5.196|
128|Man-made climate change is happening, and it's a real threat to public health. Read more here: http:// ofa.bo/f4fr|['real', 'threat', 'more']|5.22|5.126666666666667
129|Read how President Obama is working to minimize public health risks from climate change : http:// ofa.bo/p4k2 #ActOnClimate|['health', 'risks']|5.311999999999999|5.5
130|Climate change is a global problem. Here's another step towards solving it: http:// ofa.bo/f4W9 #ActOnClimate|['global', 'solving']|5.5325|6.02
131|Before this round ends, help decide who advances in the Climate Change Fantasy Tournament: http:// ofa.bo/e3ds #ChampionDenier|['help', 'advances']|5.5375|6.16
132|Solar power is growing at record rates, supporting American jobs and helping fight climate change : http:// ofa.bo/h3aT #SwitchToClean|['power', 'growing', 'supporting', 'jobs', 'helping', 'fight']|5.693333333333334|5.98
133|We're making big strides in combating climate change  but more can be done. #ActOnClimate pic.twitter.com/VOhJDGMtMH|[u'making', u'big', u'more']|5.8575|6.233333333333334
134|Too many lawmakers still deny the science of climate change . Call them out now: http:// ofa.bo/i306 #ActOnClimate pic.twitter.com/MbzTx9Wz3E|['deny', 'science']|5.161818181818182|5.15
135|The United States can make real progress on climate change . Read more from @Podesta44: http:// ofa.bo/s2sZ|['make', 'real', 'progress', 'more']|6.000000000000001|6.57
136|Climate change deniers, take note: The vast majority of Americans agree that it's time to #ActOnClimate . http:// ofa.bo/s2fT|['agree']|5.446000000000001|6.7
137|Find out which senators just went on the record to say that man-made climate change isn't real: http:// ofa.bo/c2R0 #ActOnClimate|[]|5.167142857142856|
138|"""No challenge poses a greater threat to future generations than climate change .""  President Obama #SOTU #ActOnClimate"|[u'greater', u'threat', u'future', u'generations']|5.43|5.55
139|These folks are ready to lead in the fight against climate change : http:// ofa.bo/g1zn #ActOnClimate|['folks', 'ready', 'lead', 'fight', 'against']|5.180000000000001|5.0
140|President Obama's latest commitment shows momentum and U.S. leadership in the global fight against climate change : http:// ofa.bo/t1eB|['latest', 'commitment', 'shows', 'leadership', 'global', 'fight', 'against']|5.343333333333333|5.2942857142857145
141|The world's two largest economies are standing together to fight climate change : http:// ofa.bo/t1Xq #ActOnClimate|['largest', 'together', 'fight']|5.406000000000001|5.28
142|Stand with the President's global leadership in the fight against climate change : http:// ofa.bo/d1Uh #ActOnClimate|['global', 'leadership', 'fight', 'against']|5.114|4.6499999999999995
143|Add your name if you support the President's historic agreement with China on climate change : http:// ofa.bo/q1YN #ActOnClimate|['you', 'support', 'agreement']|5.711666666666667|6.333333333333333
144|Retweet if you agree the fight against climate change can't wait. #ActOnClimate pic.twitter.com/rXXIDwU5nV|"['you', 'agree', 'fight', 'against', ""can't""]"|4.828888888888889|4.492
145|This is a big moment in the fight against climate change  stick it to climate change deniers by adding your name: http:// ofa.bo/s1Et|[u'big', u'fight', u'against']|5.171764705882353|4.1066666666666665
146|This is one meaningful way you can fight climate change now: http:// ofa.bo/s1EA #ActOnClimate|['you', 'fight']|5.2175|4.470000000000001
147|Let the other side know: Growing the economy and fighting climate change aren't contradictory. http:// ofa.bo/d188 #ActOnClimate|['fighting']|4.795999999999999|2.76
148|It's time to get real about climate change  starting with the @EPA 's plan to cut carbon pollution: http:// ofa.bo/s1A8 #ActOnClimate|[u'real', u'plan', u'cut']|5.365714285714286|5.446666666666666
149|Here's your chance to take a stand against climate change denial: http:// ofa.bo/i195 #ActOnClimate|['chance', 'against']|5.311111111111111|4.92
150|ICYMI: President Obama showed the world how the United States is leading in the fight against #climate change. http:// ofa.bo/s12L|['world', 'leading', 'fight', 'against']|5.027272727272727|4.8149999999999995
151|The President has a plan to fight climate change  you should support it: http:// ofa.bo/g0zr #ActOnClimate|[u'plan', u'fight', u'support']|5.253333333333334|5.093333333333334
152|Between droughts, wildfires, and dangerous storms, the effects of #climate change are real. It's time to act: http:// ofa.bo/i0zv|['dangerous']|4.946666666666666|2.44
153|Add your name to support taking action on climate change : http:// ofa.bo/f10j #ActOnClimate|['support']|5.664444444444445|6.44
154|These Fortune 500 companies are stepping up their commitment to fight climate change : http:// ofa.bo/s0yw #ActOnClimate|['up', 'commitment', 'fight']|5.264|5.053333333333334
155|Now is the time to step up and support serious action to fight climate change : http:// ofa.bo/a0yU #ActOnClimate|['up', 'support', 'fight']|5.245714285714286|5.093333333333334
156|"""We are the first generation to feel the effect of climate change and the last generation who can do something about it.""  President Obama"|[u'first', u'last']|5.291|5.28
157|ICYMI: President Obama is teaming up with major companies to fight climate change . Read more: http:// ofa.bo/e0yI #ActOnClimate|['up', 'fight']|5.2333333333333325|4.42
158|Doug is a rancher in New Mexico, and he's feeling the effects of climate change firsthand: http:// ofa.bo/a0xw #ActOnClimate|[]|5.338181818181818|
159|Say you're ready to #WalkTheWalk on climate change . pic.twitter.com/WVLelJHwz9|['ready']|5.63|6.58
160|Ranchers and farmers are facing instability, due to the effects of climate change : http:// ofa.bo/b0y3 #ActOnClimate|['farmers']|5.269090909090909|6.34
161|This study concludes that no one has to choose between fighting climate change and growing the economy: http:// ofa.bo/q0u5 #ActOnClimate|['study', 'no', 'fighting', 'growing']|5.1414285714285715|4.72
162|"""'There s no debate': 97 experts explain the scientific consensus on climate change "" More from @Salon : http:// ofa.bo/a0rl #ActOnClimate"|[u'no', u'experts', u'scientific', u'consensus']|5.482|5.57
163|FACT: 97% of scientists and NASA accept the science of climate change . #ActOnClimate pic.twitter.com/hOfccyKlH1|['scientists', 'accept', 'science']|5.673333333333334|6.54
164|Climate change will make the intensifying droughts across the West even more extreme and dangerous: http:// ofa.bo/a0aq #ActOnClimate|['will', 'make', 'more']|5.464|6.086666666666666
165|Find out how @OFA is taking action on climate change  and how you can get involved: http:// ofa.bo/r0Zg #ActOnClimate|[u'you']|5.43|6.24
166|Watch: Because of climate change , the average U.S. wildfire season is longer and more intense. http:// ofa.bo/i0QT #ActOnClimate|['more']|5.416|6.24
167|Delayed action will increase the costs of climate change . It's time to act: http:// ofa.bo/d0Ny #ActOnClimate|['will', 'increase', 'costs']|5.436|5.46
168|Read what the President is doing to protect communities from the impacts of climate change : http:// ofa.bo/g0Es #ActOnClimate|['protect']|5.39|6.8
169|""" Climate change poses a direct threat to the infrastructure of America.""  President Obama http:// ofa.bo/g0Eq #ActOnClimate"|[u'threat']|4.82|2.36
170|Climate change deniers are at it again: http:// ofa.bo/c0Ek #ActOnClimate|[]|5.16|
171|Chris has been sailing most of his life and he's seen the impacts of climate change firsthand: http:// ofa.bo/j0C6 #ActOnClimate|[u'sailing', u'most']|5.465|6.54
172|Watch: President Obama had some choice words for climate change deniers in Congress. http:// ofa.bo/d04Y #ScienceSaysSo|['choice', 'words']|5.515|6.140000000000001
173|Some members of Congress still won't accept the science of climate change . Help call them out: http:// ofa.bo/p04m #ActOnClimate|"[""won't"", 'accept', 'science']"|5.388333333333333|5.66
174|Climate change deniers and polluters must stop standing in the way of tackling this issue: http:// ofa.bo/e021 #ActOnClimate|['stop']|5.058000000000001|3.9
175|Here's one way to help @OFA call out climate change deniers in Congress: http:// ofa.bo/cvC #ActOnClimate|['help']|5.435555555555556|6.08
176|Add your name: Climate change is happening now. Whose side are you on? http:// ofa.bo/drR #ActOnClimate|['you']|5.5114285714285725|6.24
177|This California olive grower is seeing the impacts of climate change firsthand: http:// ofa.bo/eqc #ActOnClimate|['olive', 'seeing']|5.548571428571429|6.1899999999999995
178|The science is clear: Climate change is real. Help @OFA call out climate change deniers. http:// ofa.bo/inw|['science']|5.562499999999999|6.86
179|Watch: President Obama is making bold moves to act on climate change . http:// ofa.bo/fnH #ActOnClimate|['making', 'act']|5.628888888888889|6.12
180|Watch: Climate change is happening now, and President Obama is taking action. http:// ofa.bo/imN #ActOnClimate|[]|5.363333333333332|
181|Read the President's message to @OFA supporters, asking people to raise their voices on climate change : http:// ofa.bo/qlP #ActOnClimate|['message', 'people', 'raise']|5.568333333333334|6.326666666666667
182|This coalition of 176 companies supports the President's action on climate change : http:// ofa.bo/hk1 #ActOnClimate|['supports']|5.52888888888889|6.22
183|Climate change activists scored a massive victory yesterday: http:// ofa.bo/jk7 #ActOnClimate|['scored', 'victory']|6.116|7.220000000000001
184|Watch: Climate change is real and it's happening now. See how President Obama is taking action. http:// ofa.bo/ql7 #ActOnClimate|['real']|5.391111111111111|6.78
185|Add your name if you stand with President Obama and aggressive action on climate change . http:// ofa.bo/ikr pic.twitter.com/z1k4Q4JWLE|['you', 'aggressive']|5.456666666666667|5.02
186|WATCH: @GinaEPA is making a big announcement on fighting climate change and keeping the air clean for our families. http:// ofa.bo/rkv|['making', 'big', 'fighting', 'keeping', 'air', 'clean', 'our']|5.5775|5.871428571428572
187|Climate change is putting some of our nation's most cherished historic landmarks at risk: http:// ofa.bo/jgu #ActOnClimate|['our', 'most', 'cherished']|5.676363636363636|6.526666666666667
188|""" Climate change is real and we have to act now.""  President Obama #ActOnClimate"|[u'real', u'we', u'act']|5.74|6.386666666666667
189|Climate change is real and its effects are already being felt. It's time to #ActOnClimate .|[]|5.355555555555556|
190|Climate change isn't just about numbers and charts it's about people. Tell your climate change story: http:// ofa.bo/gd5|[u'numbers']|5.432|6.04
191|The #NCA2014 is clear: We have to act now to reduce carbon pollution and prepare for the effects of climate change . http:// ofa.bo/feW|['act', 'pollution']|5.12235294117647|4.08
192|While climate change deniers in Congress are stalling, you can act: http:// ofa.bo/hcx pic.twitter.com/3tjiLFr6XH|['you']|5.646666666666666|6.24
193|There's one fewer climate change denier in Congress: http:// ofa.bo/bb1 #ActOnClimate|['fewer']|5.196|3.72
194|"Climate change is about more than data. It's about people. Watch the trailer for ""Years of Living Dangerously"": http:// ofa.bo/fYZ"|['more']|5.2700000000000005|6.24
195|"The real victims of climate change : people. Watch the trailer for ""Years of Living Dangerously"": http:// ofa.bo/iWI #ActOnClimate"|['real', 'victims']|5.1177777777777775|4.55
196|No more stalling: Climate change deniers need to understand now that this is a real threat. http:// ofa.bo/bTt #ActOnClimate|['more', 'understand', 'real']|5.570909090909091|6.526666666666667
197|The @IPCC_CH report warns about the dangers of climate change . Tell your member of Congress: Don't be a #ClimateFool . http:// ofa.bo/iSw|[]|5.327272727272727|
198|Some members of Congress still don't want to talk about climate change . Help change the conversation: http:// ofa.bo/dQM|"[""don't"", 'talk']"|5.2700000000000005|4.88
199|Climate change is a real and man-made problem be a part of the solution: http:// ofa.bo/sRX #ActOnClimate|[u'real']|5.346666666666668|6.78
200|Climate change is real. These senators are demanding action. http:// ofa.bo/jEg #Up4Climate|['demanding']|4.827999999999999|3.7
201|LIVE: President Obama is announcing new measures to combat climate change and reduce pollution. http:// ofa.bo/s7u|['new', 'combat']|5.108888888888888|5.01
202|"""The science of climate change is leaping out at us like a scene from a 3D movie ... it s compelling us to act.""  Secretary @JohnKerry"|[u'science', u'us', u'like', u'movie', u'us']|5.68875|6.688
203|"""The debate is settled. Climate change is a fact.""  President Obama #SOTU #ScienceSaysSo"|[]|5.220000000000001|
204|Climate change is threatening the bottom line of American businesses. Here's what they're doing about it: http:// ofa.bo/h0p|[]|5.087999999999999|
205|In 2014, we need our lawmakers to take #climate change seriously. Support an organization holding them accountable: http:// ofa.bo/a7|['we', 'our']|5.372727272727274|6.23
206|A majority of Americans support limiting carbon pollution from power plants to combat climate change . Learn more: http:// OFA.BO/Ek6P1V|['support', 'pollution', 'power', 'plants', 'combat']|5.245|5.1160000000000005
207|Today the President created a task force to help communities prepare for the effects of climate change : http:// OFA.BO/QMdhyK #ActOnClimate|['created', 'force', 'help']|5.326666666666667|5.38
208|Add your voice to say #ThisIsReal . It's time to act on climate change . http:// OFA.BO/7kDMAK #O29|['act']|5.552|6.0
209|Science fair nightmare: This #climate change denier is the world's most embarrassing dad. http:// OFA.BO/3oAoPQ|['fair', 'most']|5.81|6.59
210|You can help keep up the momentum on issues like #immigration reform and #climate change. Support @OFA today: http:// OFA.BO/1sSiVc|['help', 'up', 'issues', 'like']|5.604|5.834999999999999
211|Climate change is real and dangerous. Show your support for the @EPA 's new standards to cut carbon pollution: http:// OFA.BO/UPNwsT|['real', 'support', 'new', 'cut']|5.394285714285714|5.865
212|"""Action on climate change presents a distinct opportunity. And we have seen it work.""   @GinaEPA Read more: http:// OFA.BO/JWtDe2"|[u'presents', u'distinct', u'we']|5.804|6.546666666666667
213|"""The evidence is overwhelming, the science is clear, and the threat from climate change is real and urgent.""   @ErnestMoniz #ScienceSaysSo"|[u'science', u'threat', u'real']|5.2942857142857145|5.333333333333333
214|How budget gridlock in Congress could jeopardize the fight against climate change : http:// OFA.BO/1TDAUc|['fight', 'against']|4.8175|3.05
215|A special thanks to all the @OFA volunteers who called out #climate deniers yesterday, demanding Congress take action on climate change .|['special', 'thanks', 'all', 'volunteers', 'demanding']|5.632000000000001|6.232
216|97% of scientists agree #climate change is happening. Watch @OFA 's new video calling out deniers in Congress: http:// OFA.BO/uZJwq1|['scientists', 'agree', 'new', 'video']|5.71090909090909|6.585
217|Tackling #climate change is one of our greatest economic opportunities. pic.twitter.com/ShW2EP117L|['our', 'greatest']|5.682857142857143|6.67
218|Too many members of Congress deny the science of #climate change. Watch @OFA 's new video calling them out: http:// OFA.BO/pEVSwS|['deny', 'science', 'new', 'video']|5.461666666666666|5.9
219|Today @OFA supporters across the country are calling out #climate change deniers, and so can you: http:// OFA.BO/woiZ4c|['supporters', 'country']|5.3999999999999995|6.24
220|Add your name to support President Obama's plan to take action against #climate change: http:// OFA.BO/ETidvf|['support', 'plan', 'against']|5.3822222222222225|5.326666666666667
221|Make sure the #climate change deniers in Congress hear from you today: http:// OFA.BO/V3HD8j #ScienceSaysSo|['sure', 'you']|5.659999999999999|6.28
222|Climate change is real  #ScienceSaysSo . Call out #climate deniers on Twitter using this @OFA site: http:// OFA.BO/bvqyeR|[]|5.163333333333333|
223|Weather-related power outages cost our economy up to $33B over the past ten years. Climate change is making it worse: http:// OFA.BO/wAivVv|['power', 'our', 'up', 'making']|5.301428571428571|6.285
224|It's time #climate change deniers feel the heat. Take action: http:// OFA.BO/mcPqvD #ScienceSaysSo|[]|5.545000000000001|
225|Why the World Bank is fighting #climate change: http:// OFA.BO/RumrVX|['fighting']|4.306666666666667|2.76
226|From @washingtonpost : President Obama sees action on #climate change as part of his legacy. http:// OFA.BO/kXnrGy #ScienceSaysSo|[]|5.445|
227|Gravity exists. The Earth is round. Climate change is happening. #ScienceSaysSo|[]|5.306666666666666|
228|Retweet if you agree: Climate change is real, and it's time for us to act. #ScienceSaysSo|['you', 'us']|5.394|6.25
229|Climate change is real. #ScienceSaysSo . pic.twitter.com/SSCKGAYRkQ|[]|5.369999999999999|
230|We have the chance to meet the challenge of #climate change. Add your voice today: http:// OFA.BO/8VNrrP|['chance', 'meet']|5.566|6.41
231|"""If Congress won't act, I will.""  President Obama on meeting the challenge of #climate change"|"[u""won't""]"|5.140000000000001|3.7
232|"Republican op-ed from @nytimes on #climate change: ""There is no time to waste."" http:// OFA.BO/69ZhXC"|['no']|5.011428571428572|3.48
233|Sea levels are rising due to #climate change, potentially threatening U.S. cities: http:// OFA.BO/sacMyb We have to #ActOnClimate .|['rising']|5.369999999999999|6.54
234|FACT: 75% of Americans want to #ActOnClimate to strengthen communities against effects of climate change like flood, drought & fire. ( @NRDC )|['against', 'like']|5.363636363636363|5.31
235|President Obama is acting on #climate change. Say you'll join him: http:// OFA.BO/UPNE3m #ActOnClimate|['acting', 'join']|5.683999999999999|6.13
236|Interactive map shows votes against #climate change action are from districts most affected by soaring temps: http:// OFA.BO/fUmnCS|['shows', 'votes', 'against', 'most']|5.293333333333332|5.445
237|The threat of #climate change is real and is not going away. If Congress won't act, President Obama will: http:// OFA.BO/MWVgSm|"['threat', 'real', 'not', ""won't""]"|4.82|4.175
238|Things we know: Failing to act now on #climate change would betray our children and future generations. #ActOnClimate|['we', 'act', 'betray', 'our', 'children', 'future']|5.62|5.8066666666666675
239|The threat of climate change will not resolve itself. We must act now for the sake of our children and grandchildren. #ActOnClimate|['threat', 'will', 'not', 'resolve', 'act', 'our', 'children']|5.341176470588235|5.394285714285714
240|"""We don't have time for a meeting of the Flat Earth Society.""  President Obama on those who continue to deny the science on #climate change"|"[u""don't"", u'deny', u'science']"|5.211111111111111|4.666666666666667
241|"""If Congress won t act soon to protect future generations, I will."" Today, President Obama takes action on #climate change."|[u'act', u'soon', u'protect', u'future']|5.932500000000001|6.475
242|"""This is the global threat of our time...We have to get to work.""  President Obama on climate change . #ActOnClimate"|[u'global', u'threat', u'our']|5.243076923076924|4.8133333333333335
243|Today at 1:35 p.m. ET: Don't miss President Obama's announcement on #climate change.|['miss']|4.87|3.64
244|President Obama promised to take action on #climate change. Tomorrow, see how he is keeping his word. http:// OFA.BO/2c8RWM|['promised', 'see', 'keeping']|5.58|6.2799999999999985
245|Retweet if you're excited to hear what President Obama has to say about #climate change in tomorrow's big speech.|"['excited', ""tomorrow's"", 'big']"|5.531428571428571|6.646666666666666
246|"""This is a serious challenge. But it's one uniquely suited to America's strengths.""  President Obama on #climate change"|[]|5.1525|
247|Retweet if you agree: We must do more to respond to the threat of #climate change. http:// OFA.BO/Q7qGMM|['you', 'more', 'threat']|5.067272727272728|4.946666666666666
248|Tuesday: President Obama delivers a major speech on #climate change. Be sure to tune in: http:// OFA.BO/xx5eaR|['sure', 'tune']|5.622857142857143|6.25
249|Will you stand with President Obama in the fight against #climate change? Tune in on Tuesday: http:// OFA.BO/fFhBJE|['you', 'fight', 'against']|5.022222222222222|4.113333333333334
250|An important step: Read about the new US agreement with China to reduce super-pollutants and combat #climate change. http:// OFA.BO/vxYeW2|['important', 'new', 'agreement', 'combat']|5.29|5.665
251|"""I don t have much patience for people who deny climate change .""  President Obama"|[u'patience', u'people', u'deny']|5.462222222222222|5.319999999999999
252|Members of Congress from 40 states refuse to accept the science on #climate change. Call them out here: http:// OFA.BO/A38U69|['refuse', 'accept', 'science']|5.232727272727273|5.579999999999999
253|Hold your representatives in Congress accountable. Call out #climate change deniers in the House and Senate today: http:// OFA.BO/3j7EhL|[]|5.282500000000001|
254|Some members of Congress still won't listen to the scientific consensus on #climate change. Call these deniers out: http:// OFA.BO/3j7EhL|"[""won't"", 'scientific', 'consensus']"|5.32|5.406666666666666
255|While many in Congress continue to deny the science on #climate change, Alaska's Columbia Glacier continues to melt: http:// OFA.BO/2eVzRH|['deny', 'science']|5.354000000000001|5.15
256|Ninety-seven percent of scientists agree: #climate change is real, man-made and dangerous. Read more: http:// OFA.BO/gJsdFp|['scientists']|5.43|6.34
257|This week, #SecKerry meets with the Arctic Council to discuss climate change . Read his take on America's role: http:// OFA.BO/FzHf4Q|[]|5.5280000000000005|
258|Retweet to tell climate deniers in Congress: #YouWillNotBeTakenSeriouslyIf you keep ignoring the science on climate change .|['you', 'science']|5.6872727272727275|6.550000000000001
259|Retweet if you agree: It's time for Congress to stop denying the science on #climatechange .|['you', 'stop', 'denying', 'science']|5.188|5.1850000000000005
260|Tell climate deniers in Congress to stop ignoring the overwhelming science on climate change . http:// OFA.BO/EgU96n pic.twitter.com/9qZhbQlRPA|['stop', 'science']|5.437777777777779|5.38
261|RT if you agree: It's time to stop the denial on climate change . pic.twitter.com/Q6JarHmCF0|['you', 'stop', 'denial']|5.098000000000001|4.566666666666667
262|Tell Senate Republicans: We should invest in clean energy and combat climate change  not gut the progress we've made. http:// OFA.BO/jspT6i|[u'invest', u'clean', u'energy', u'combat', u'progress']|5.666153846153847|6.239999999999999
263|FACT: The Senate GOP would let polluters build power plants w/o limits on carbon pollution fueling climate change that threatens our planet.|[u'build', u'power', u'plants', u'limits', u'our']|5.558461538461539|6.016
264|Senate Republicans are planning budget amendments that would gut our ability to fight climate change and invest in clean energy. #OFAClimate|['planning', 'our', 'ability', 'fight', 'invest', 'clean']|5.456250000000001|5.8566666666666665
265|We will respond to the threat of climate change , knowing that the failure to do so would betray our children and future generations.|['will', 'threat', 'knowing', 'failure', 'betray', 'our', 'children', 'future']|5.142857142857143|4.952499999999999
266|""" Climate change is not a hoax. More droughts and wildfires are not a joke. They're a threat to your future."" President Obama"|[u'not', u'not', u'threat']|4.791666666666667|3.36
267|President Obama:  My plan will continue to reduce the carbon pollution that is heating our planet because climate change is not a hoax. |[u'plan', u'will', u'pollution', u'heating', u'our', u'not']|5.121176470588235|5.043333333333333
